0.0, 0.67, ''
0.67, 0.72, '<NOISE>'
0.72, 0.81, "i'm"
0.81, 1.09, 'sitting'
1.09, 1.24, 'here'
1.24, 1.5, 'now'
1.5, 1.77, 'scott'
1.77, 1.98, 'i'
1.98, 2.04, ''
2.04, 2.28, 'bet'
2.28, 2.41, 'you'
2.41, 2.54, 'on'
2.54, 2.86, 'monday'
2.86, 3.27, 'nights'
3.27, 3.61, 'game'
3.61, 3.69, ''
3.69, 4.12, 'tonight'
4.12, 4.2, ''
4.2, 4.48, 'nine'
4.48, 4.63, ''
4.63, 5.03, "o'clock"
5.03, 5.29, 'la'
5.29, 5.37, 'la'
5.37, 5.46, 'la'
5.46, 5.65, 'so'
5.65, 5.76, 'and'
5.76, 5.96, 'so'
5.96, 6.1, 'will'
6.1, 6.37, 'win'
6.37, 7.24, '<VOCNOISE>'
7.24, 7.3, '<SIL>'
7.3, 7.62, 'yknow'
7.62, 7.72, 'and'
7.72, 7.85, 'we'
7.85, 8.25, '<SIL>'
8.25, 8.45, "don't"
8.45, 8.78, '<SIL>'
8.78, 9.27, 'exchange'
9.27, 9.43, 'any'
9.43, 9.84, 'money'
9.84, 9.94, 'or'
9.94, 10.05, 'have'
10.05, 10.23, 'any'
10.23, 10.53, 'money'
10.53, 10.61, ''
10.61, 10.95, 'figures'
10.95, 11.34, 'planned'
11.34, 11.5, 'out'
11.5, 11.875, 'just'
11.875, 11.975, '<SIL>'
11.975, 12.31, 'yknow'
12.31, 12.5, '<SIL>'
12.5, 12.71, 'oh'
12.71, 13.1, 'well'
13.1, 13.39, "that's"
13.39, 13.49, 'your'
13.49, 13.8, 'team'
13.8, 13.97, "that's"
13.97, 14.01, '<SIL>'
14.01, 14.17, 'my'
14.17, 14.49, 'team'
14.49, 14.76, 'lets'
14.76, 14.82, '<SIL>'
14.82, 15.02, 'go'
15.02, 15.19, 'at'
15.19, 15.27, 'it'
15.27, 15.61, '<UNKNOWN-and>'
15.61, 15.65, '<IVER>'
15.65, 15.995, '<SIL>'
15.995, 16.35, 'yeah'
16.35, 16.44, ''
16.44, 16.92, '<VOCNOISE>'
16.92, 17.08, '<SIL>'
17.08, 17.15, 'and'
17.15, 17.22, 'it'
17.22, 17.51, 'makes'
17.51, 17.69, 'it'
17.69, 17.915, '<SIL>'
17.915, 18.25, 'yknow'
18.25, 18.52, 'fun'
18.52, 18.69, 'so'
18.69, 18.84, 'you'
18.84, 19.08, 'can'
19.08, 19.21, '<SIL>'
19.21, 19.57, 'actually'
19.57, 19.96, 'see'
19.96, 20.2, 'what'
20.2, 20.93, '<SIL>'
20.93, 21.25, 'yknow'
21.25, 21.66, 'your'
21.66, 21.85, '<SIL>'
21.85, 22.36, 'studying'
22.36, 22.53, 'these'
22.53, 22.95, 'teams'
22.95, 23.24, '<SIL>'
23.24, 23.45, 'does'
23.45, 23.91, 'yknow'
23.91, 24.75, '<VOCNOISE>'
24.75, 24.945, '<SIL>'
24.945, 25.01, 'you'
25.01, 25.16, 'can'
25.16, 25.34, 'go'
25.34, 25.37, 'a'
25.37, 25.57, 'whole'
25.57, 26.21, 'season'
26.21, 26.42, '<SIL>'
26.42, 26.74, 'yknow'
26.74, 27.27, 'seventeen'
27.27, 27.71, 'eighteen'
27.71, 27.81, 'and'
27.81, 28.18, 'o'
28.18, 28.315, '<SIL>'
28.315, 28.7, 'and'
28.7, 28.985, '<SIL>'
28.985, 29.71, "nobody's"
29.71, 30.2, '<SIL>'
30.2, 30.45, 'pretty'
30.45, 30.66, 'much'
30.66, 30.92, 'coming'
30.92, 31.26, 'close'
31.26, 31.33, 'to'
31.33, 31.59, 'your'
31.59, 32.21, 'standard'
32.21, 32.37, 'and'
32.37, 32.76, '<VOCNOISE>'
32.76, 34.33, '<SIL>'
34.33, 34.47, 'when'
34.47, 34.6, 'you'
34.6, 34.77, 'win'
34.77, 34.9, 'all'
34.9, 34.99, 'that'
34.99, 35.37, 'money'
35.37, 35.56, "it's"
35.56, 35.81, 'just'
35.81, 36.03, 'like'
36.03, 36.27, 'yeah'
36.27, 36.59, 'when'
36.59, 36.7, 'you'
36.7, 36.92, 'lose'
36.92, 37.0, 'all'
37.0, 37.09, 'that'
37.09, 37.38, 'money'
37.38, 37.535, "it's"
37.535, 37.7, 'like'
37.7, 38.87, '<VOCNOISE>'
38.87, 38.95, ''
38.95, 39.29, '<SIL>'
39.29, 39.55, "that's"
39.55, 39.72, 'it'
39.72, 39.76, '<SIL>'
39.76, 40.0, "<LAUGH-I'm>"
40.0, 40.69, 'going'
40.69, 41.42, 'home'
41.42, 41.9, '<LAUGH>'
41.9, 42.13, ''
42.13, 42.35, '<VOCNOISE>'
42.35, 42.53, ''
42.53, 43.43, '<LAUGH>'
43.43, 43.71, 'but'
43.71, 44.15, '<SIL>'
44.15, 44.37, "i've"
44.37, 44.69, 'known'
44.69, 45.05, 'people'
45.05, 45.11, 'that'
45.11, 45.76, 'gamble'
45.76, 45.96, '<SIL>'
45.96, 46.32, 'yknow'
46.32, 46.39, ''
46.39, 47.32, 'compulsively'
47.32, 48.25, '<SIL>'
48.25, 48.29, 'i'
48.29, 48.44, 'mean'
48.44, 48.58, "it's"
48.58, 48.73, 'like'
48.73, 48.81, 'a'
48.81, 49.365, '<CUTOFF-g=gambler>'
49.365, 49.49, '<SIL>'
49.49, 50.02, 'gamblers'
50.02, 50.73, 'anonymous'
50.73, 51.73, '<SIL>'
51.73, 52.13, 'level'
52.13, 53.29, '<SIL>'
53.29, 53.48, 'i'
53.48, 53.87, "couldn't"
53.87, 54.13, 'really'
54.13, 54.28, ''
54.28, 54.49, 'get'
54.49, 54.9, 'into'
54.9, 55.0, 'that'
55.0, 55.36, '<SIL>'
55.36, 55.56, 'number'
55.56, 55.8, 'one'
55.8, 55.94, "i'm"
55.94, 56.0, 'not'
56.0, 56.09, ''
56.09, 56.15, 'the'
56.15, 56.49, 'richest'
56.49, 56.86, 'person'
56.86, 56.92, 'in'
56.92, 56.98, 'the'
56.98, 57.28, 'world'
57.28, 57.37, 'and'
57.37, 57.75, 'number'
57.75, 58.15, 'two'
58.15, 58.55, '<SIL>'
58.55, 58.82, 'just'
58.82, 59.09, '<SIL>'
59.09, 59.16, '<VOCNOISE>'
59.16, 59.98, '<SIL>'
59.98, 60.16, 'little'
60.16, 60.435, 'money'
60.435, 60.73, 'here'
60.73, 60.83, 'is'
60.83, 61.07, 'one'
61.07, 61.13, ''
61.13, 61.37, 'thing'
61.37, 61.6, 'but'
61.6, 61.825, '<SIL>'
61.825, 61.95, 'when'
61.95, 62.18, "you're"
62.18, 62.21, '<CUTOFF-j=just>'
62.21, 62.25, '<SIL>'
62.25, 62.3, ''
62.3, 62.47, 'out'
62.47, 62.62, 'there'
62.62, 63.18, 'spending'
63.18, 63.48, 'your'
63.48, 64.5, '<SIL>'
64.5, 64.75, 'car'
64.75, 65.29, 'insurance'
65.29, 65.61, 'money'
65.61, 65.86, 'on'
65.86, 66.05, 'it'
66.05, 66.3, 'or'
66.3, 67.56, '<VOCNOISE>'
67.56, 67.85, '<SIL>'
67.85, 68.09, 'rent'
68.09, 68.485, 'money'
68.485, 68.84, 'then'
68.84, 68.99, '<SIL>'
68.99, 69.27, 'you'
69.27, 69.33, 'got'
69.33, 69.36, 'a'
69.36, 69.59, 'real'
69.59, 69.64, ''
69.64, 70.25, 'problem'
70.25, 70.38, 'there'
70.38, 70.46, ''
70.46, 71.145, '<SIL>'
71.145, 71.25, "i've"
71.25, 71.54, 'seen'
71.54, 71.81, 'guys'
71.81, 71.99, 'do'
71.99, 72.26, 'that'
72.26, 72.57, 'to'
72.57, 73.77, '<SIL>'
73.77, 73.93, 'go'
73.93, 74.15, 'down'
74.15, 74.19, 'to'
74.19, 74.6, 'scioto'
74.6, 75.03, 'downs'
75.03, 75.15, 'and'
75.15, 75.39, 'bet'
75.39, 75.48, 'the'
75.48, 75.59, ''
75.59, 75.86, '<SIL>'
75.86, 76.08, 'bet'
76.08, 76.14, 'the'
76.14, 76.66, 'farm'
76.66, 76.97, 'on'
76.97, 77.155, '<SIL>'
77.155, 77.46, 'one'
77.46, 77.95, 'horse'
77.95, 78.2, 'and'
78.2, 78.64, '<SIL>'
78.64, 78.83, ''
78.83, 79.05, "wouldn't"
79.05, 79.24, 'even'
79.24, 79.33, 'do'
79.33, 79.86, 'anything'
79.86, 79.92, ''
79.92, 80.13, 'for'
80.13, 80.24, 'them'
80.24, 82.56, '<SIL>'
82.56, 84.66, '<IVER>'
84.66, 84.91, ''
84.91, 87.09, '<SIL>'
87.09, 87.3, 'well'
87.3, 87.39, 'you'
87.39, 87.61, 'got'
87.61, 87.68, ''
87.68, 87.93, 'the'
87.93, 88.6, '<SIL>'
88.6, 89.42, 'casinos'
89.42, 89.965, '<SIL>'
89.965, 90.21, 'river'
90.21, 90.49, 'boat'
90.49, 91.07, 'casinos'
91.07, 91.52, 'open'
91.52, 91.58, 'you'
91.58, 91.78, 'got'
91.78, 92.28, '<SIL>'
92.28, 92.5, 'all'
92.5, 92.67, 'the'
92.67, 93.39, '<SIL>'
93.39, 93.6, 'pretty'
93.6, 93.81, 'much'
93.81, 94.23, 'every'
94.23, 94.38, '<SIL>'
94.38, 94.76, 'store'
94.76, 94.9, 'on'
94.9, 94.96, 'the'
94.96, 95.5, 'corners'
95.5, 95.72, 'got'
95.72, 95.77, 'a'
95.77, 96.155, '<SIL>'
96.155, 96.51, 'lottery'
96.51, 97.13, 'machine'
97.13, 97.22, 'or'
97.22, 97.41, ''
97.41, 97.56, '<SIL>'
97.56, 98.08, 'tickets'
98.08, 99.21, '<SIL>'
99.21, 101.38, '<IVER>'
101.38, 101.62, '<SIL>'
101.62, 101.71, 'i'
101.71, 101.77, ''
101.77, 101.97, 'think'
101.97, 102.1, 'it'
102.1, 102.3, 'is'
102.3, 102.33, 'a'
102.33, 102.52, 'good'
102.52, 102.86, 'idea'
102.86, 103.18, 'because'
103.18, 103.26, "i've"
103.26, 103.49, 'won'
103.49, 103.62, 'my'
103.62, 103.89, 'fair'
103.89, 104.25, 'share'
104.25, 104.38, ''
104.38, 105.13, 'of'
105.13, 105.51, 'money'
105.51, 105.59, ''
105.59, 105.75, '<LAUGH-on_the_lottery>'
105.75, 105.92, ''
105.92, 106.1, '<VOCNOISE>'
106.1, 106.24, '<SIL>'
106.24, 106.33, 'they'
106.33, 106.54, 'give'
106.54, 107.03, 'everybody'
107.03, 107.08, 'a'
107.08, 107.17, ''
107.17, 107.36, 'fair'
107.36, 107.865, 'chance'
107.865, 108.19, 'yknow'
108.19, 108.26, 'they'
108.26, 108.5, "don't"
108.5, 109.18, '<SIL>'
109.18, 109.57, 'just'
109.57, 110.565, '<SIL>'
110.565, 111.1, 'minimize'
111.1, 111.205, 'it'
111.205, 111.41, 'to'
111.41, 111.78, 'one'
111.78, 111.87, 'or'
111.87, 111.96, ''
111.96, 112.35, 'two'
112.35, 112.63, '<SIL>'
112.63, 112.8, '<VOCNOISE>'
112.8, 113.41, '<SIL>'
113.41, 113.46, ''
113.46, 113.8, 'yknow'
113.8, 114.07, '<SIL>'
114.07, 114.35, 'some'
114.35, 114.44, 'of'
114.44, 114.53, 'them'
114.53, 114.79, 'have'
114.79, 115.48, 'options'
115.48, 116.68, '<SIL>'
116.68, 116.96, 'and'
116.96, 117.2, 'some'
117.2, 117.29, 'of'
117.29, 117.38, 'them'
117.38, 117.61, "don't"
117.61, 119.4, '<SIL>'
119.4, 126.86, '<IVER>'
126.86, 126.96, ''
126.96, 127.15, 'yeah'
127.15, 127.56, "it's"
127.56, 127.93, '<SIL>'
127.93, 128.25, 'just'
128.25, 128.55, 'like'
128.55, 128.78, 'uh'
128.78, 129.17, '<SIL>'
129.17, 129.58, 'having'
129.58, 130.05, 'alcohol'
130.05, 130.34, 'around'
130.34, 131.19, '<SIL>'
131.19, 131.55, 'mean'
131.55, 131.74, '<SIL>'
131.74, 132.23, 'gambling'
132.23, 132.4, 'is'
132.4, 132.43, 'a'
132.43, 132.62, 'lot'
132.62, 132.95, 'like'
132.95, 133.37, 'alcohol'
133.37, 133.465, 'it'
133.465, 133.68, 'can'
133.68, 133.98, 'be'
133.98, 134.58, 'addicting'
134.58, 134.69, 'it'
134.69, 134.83, 'can'
134.83, 135.31, 'screw'
135.31, 135.39, 'your'
135.39, 135.7, 'life'
135.7, 135.89, 'up'
135.89, 136.0, ''
136.0, 136.26, 'and'
136.26, 136.34, '<VOCNOISE>'
136.34, 136.835, '<SIL>'
136.835, 136.99, "you'll"
136.99, 137.39, 'spend'
137.39, 137.525, 'your'
137.525, 137.86, 'last'
137.86, 138.25, 'dollar'
138.25, 138.37, 'on'
138.37, 138.4, 'it'
138.4, 138.63, 'if'
138.63, 138.93, "you're"
138.93, 139.14, ''
139.14, 139.41, 'that'
139.41, 139.46, ''
139.46, 139.8, 'far'
139.8, 139.85, ''
139.85, 140.24, 'gone'
140.24, 141.53, '<SIL>'
141.53, 141.79, 'so'
141.79, 141.87, ''
141.87, 142.1, 'pretty'
142.1, 142.45, 'much'
142.45, 142.92, 'anything'
142.92, 143.12, 'can'
143.12, 143.49, 'be'
143.49, 144.32, '<SIL>'
144.32, 144.38, ''
144.38, 144.61, 'one'
144.61, 144.69, 'of'
144.69, 145.27, 'those'
145.27, 145.44, ''
145.44, 146.16, 'factors'
146.16, 146.43, ''
146.43, 147.64, '<LAUGH>'
147.64, 147.85, '<VOCNOISE>'
147.85, 148.04, ''
148.04, 148.96, '<IVER>'
148.96, 152.725, '<SIL>'
152.725, 152.93, 'well'
152.93, 153.22, 'most'
153.22, 153.54, 'people'
153.54, 153.9, 'think'
153.9, 154.34, "it's"
154.34, 154.53, '<SIL>'
154.53, 155.0, 'something'
155.0, 155.14, 'they'
155.14, 155.61, 'rely'
155.61, 155.85, 'on'
155.85, 156.02, 'like'
156.02, 156.43, '<SIL>'
156.43, 156.63, 'well'
156.63, 156.77, 'the'
156.77, 156.94, '<UNKNOWN>'
156.94, 156.99, '<SIL>'
156.99, 157.27, 'money'
157.27, 157.74, 'getting'
157.74, 158.35, '<SIL>'
158.35, 158.52, ''
158.52, 158.66, 'from'
158.66, 158.74, 'the'
158.74, 159.29, 'lottery'
159.29, 159.49, 'to'
159.49, 159.57, 'the'
159.57, 160.16, 'people'
160.16, 160.33, 'or'
160.33, 160.73, '<SIL>'
160.73, 161.06, 'lottery'
161.06, 161.24, 'to'
161.24, 161.84, 'schools'
161.84, 161.95, '<VOCNOISE>'
161.95, 162.745, '<SIL>'
162.745, 162.84, 'on'
162.84, 163.04, 'that'
163.04, 163.44, 'issue'
163.44, 163.85, 'then'
163.85, 163.97, ''
163.97, 164.22, 'yeah'
164.22, 164.36, 'i'
164.36, 164.745, '<SIL>'
164.745, 164.79, 'i'
164.79, 165.1, 'agree'
165.1, 165.23, 'with'
165.23, 165.505, '<SIL>'
165.505, 165.61, 'the'
165.61, 166.28, 'gambling'
166.28, 166.37, ''
166.37, 166.66, 'thing'
166.66, 167.43, '<SIL>'
167.43, 167.76, 'yknow'
167.76, 167.96, '<SIL>'
167.96, 168.2, 'just'
168.2, 168.32, 'as'
168.32, 168.47, 'long'
168.47, 168.63, 'as'
168.63, 169.0, "it's"
169.0, 169.15, '<SIL>'
169.15, 169.92, '<VOCNOISE>'
169.92, 170.09, '<SIL>'
170.09, 170.23, 'like'
170.23, 170.39, '<SIL>'
170.39, 170.85, 'social'
170.85, 171.32, 'drinking'
171.32, 171.64, '<SIL>'
171.64, 172.5, '<LAUGH>'
172.5, 172.53, '<VOCNOISE>'
172.53, 172.62, '<SIL>'
172.62, 172.76, 'in'
172.76, 172.81, 'a'
172.81, 173.36, 'sense'
173.36, 173.41, ''
173.41, 173.77, '<SIL>'
173.77, 173.82, ''
173.82, 174.09, 'because'
174.09, 174.275, 'if'
174.275, 174.37, 'you'
174.37, 174.74, 'have'
174.74, 175.11, 'people'
175.11, 175.45, 'just'
175.45, 175.54, '<VOCNOISE>'
175.54, 176.09, '<SIL>'
176.09, 176.24, 'go'
176.24, 176.48, 'out'
176.48, 176.74, '<SIL>'
176.74, 176.9, 'like'
176.9, 177.29, 'today'
177.29, 177.37, 'i'
177.37, 177.74, '<CUTOFF-b=bought>'
177.74, 178.03, '<SIL>'
178.03, 178.08, 'i'
178.08, 178.32, 'bought'
178.32, 178.37, 'a'
178.37, 178.6, 'one'
178.6, 178.74, 'dollar'
178.74, 179.25, 'lottery'
179.25, 179.59, 'ticket'
179.59, 179.81, 'won'
179.81, 180.0, 'two'
180.0, 180.3, 'bucks'
180.3, 180.49, 'off'
180.49, 180.61, 'of'
180.61, 180.69, 'it'
180.69, 181.99, '<SIL>'
181.99, 182.12, 'so'
182.12, 182.2, 'i'
182.2, 182.42, 'kept'
182.42, 182.53, 'my'
182.53, 182.79, 'one'
182.79, 183.19, 'dollar'
183.19, 183.57, 'and'
183.57, 183.61, 'uh'
183.61, 183.96, '<SIL>'
183.96, 184.09, 'got'
184.09, 184.12, 'a'
184.12, 184.31, 'one'
184.31, 184.58, 'dollar'
184.58, 184.81, 'added'
184.81, 184.95, 'on'
184.95, 189.66, '<SIL>'
189.66, 189.86, 'yeah'
189.86, 190.11, "there's"
190.11, 191.54, '<VOCNOISE>'
191.54, 191.74, ''
191.74, 195.66, '<LAUGH>'
195.66, 195.71, ''
195.71, 196.77, '<SIL>'
196.77, 196.85, 'and'
196.85, 197.1, 'then'
197.1, 197.47, '<SIL>'
197.47, 197.67, 'then'
197.67, 197.92, "there's"
197.92, 198.15, 'these'
198.15, 198.34, 'um'
198.34, 199.895, '<NOISE>'
199.895, 200.05, 'little'
200.05, 200.21, 'bit'
200.21, 200.39, 'more'
200.39, 200.87, 'expensive'
200.87, 200.94, ''
200.94, 201.485, 'cards'
201.485, 201.58, 'you'
201.58, 201.9, 'buy'
201.9, 202.02, 'the'
202.02, 202.905, '<SIL>'
202.905, 203.28, 'lottery'
203.28, 203.74, 'cards'
203.74, 203.88, '<SIL>'
203.88, 204.02, 'one'
204.02, 204.08, 'of'
204.08, 204.23, "them's"
204.23, 204.45, 'called'
204.45, 205.06, 'battleship'
205.06, 205.14, ''
205.14, 205.27, 'that'
205.27, 205.44, "i've"
205.44, 205.925, '<SIL>'
205.925, 206.2, 'won'
206.2, 206.475, '<SIL>'
206.475, 206.57, 'lot'
206.57, 206.64, 'of'
206.64, 207.01, 'money'
207.01, 207.195, 'off'
207.195, 207.3, 'of'
207.3, 209.19, '<IVER>'
209.19, 212.275, '<SIL>'
212.275, 212.53, 'well'
212.53, 212.71, 'you'
212.71, 213.09, 'hafta'
213.09, 213.32, '<IVER>'
213.32, 213.53, ''
213.53, 213.84, '<SIL>'
213.84, 213.95, "it's"
213.95, 214.2, 'just'
214.2, 214.35, 'like'
214.35, 214.71, 'bingo'
214.71, 215.25, 'numbers'
215.25, 215.6, '<SIL>'
215.6, 215.83, '<IVER>'
215.83, 215.88, ''
215.88, 217.07, '<VOCNOISE>'
217.07, 217.23, ''
217.23, 218.49, '<SIL>'
218.49, 218.54, ''
218.54, 220.42, '<VOCNOISE>'
220.42, 221.0, '<SIL>'
221.0, 221.24, 'and'
221.24, 221.7, 'you'
221.7, 221.75, 'uh'
221.75, 222.27, '<SIL>'
222.27, 222.36, "it's"
222.36, 222.58, 'just'
222.58, 222.71, 'like'
222.71, 222.77, 'the'
222.77, 223.02, 'game'
223.02, 223.64, 'battleship'
223.64, 223.86, 'pretty'
223.86, 224.13, 'much'
224.13, 224.375, '<SIL>'
224.375, 224.99, 'yknow'
224.99, 225.125, '<SIL>'
225.125, 225.17, 'a'
225.17, 225.48, 'four'
225.48, 225.64, 'a'
225.64, 226.11, 'two'
226.11, 226.14, 'a'
226.14, 226.44, 'seven'
226.44, 226.54, '<VOCNOISE>'
226.54, 227.565, '<SIL>'
227.565, 227.78, 'and'
227.78, 227.95, 'um'
227.95, 229.22, '<SIL>'
229.22, 229.43, 'well'
229.43, 229.57, 'off'
229.57, 229.62, 'a'
229.62, 229.85, 'three'
229.85, 230.18, 'dollar'
230.18, 230.46, 'one'
230.46, 230.63, "i've"
230.63, 230.86, ''
230.86, 231.28, 'won'
231.28, 231.75, '<SIL>'
231.75, 232.3, 'probably'
232.3, 234.34, '<VOCNOISE>'
234.34, 234.45, '<SIL>'
234.45, 234.72, 'four'
234.72, 234.8, 'out'
234.8, 234.89, 'of'
234.89, 234.96, ''
234.96, 235.33, 'five'
235.33, 235.945, '<SIL>'
235.945, 236.27, 'yknow'
236.27, 237.47, '<SIL>'
237.47, 237.6, 'in'
237.6, 237.82, 'that'
237.82, 238.44, '<SIL>'
238.44, 238.56, ''
238.56, 238.6, 'i'
238.6, 238.86, "haven't"
238.86, 239.06, 'bought'
239.06, 239.11, ''
239.11, 239.28, 'that'
239.28, 239.57, 'many'
239.57, 239.63, 'of'
239.63, 239.82, 'them'
239.82, 240.02, 'but'
240.02, 240.28, ''
240.28, 240.4, 'in'
240.4, 240.61, 'that'
240.61, 240.735, '<SIL>'
240.735, 241.12, 'race'
241.12, 241.31, '<SIL>'
241.31, 241.51, 'right'
241.51, 241.56, ''
241.56, 241.79, 'there'
241.79, 242.11, 'four'
242.11, 242.21, 'out'
242.21, 242.28, 'of'
242.28, 242.33, ''
242.33, 242.68, 'fives'
242.68, 242.88, 'not'
242.88, 242.98, 'too'
242.98, 243.33, 'bad'
243.33, 244.34, '<SIL>'
244.34, 245.03, ''
245.03, 245.18, 'got'
245.18, 245.34, 'my'
245.34, 245.74, 'mom'
245.74, 245.97, 'one'
245.97, 246.15, 'on'
246.15, 246.26, 'her'
246.26, 246.7, 'birthday'
246.7, 246.87, 'she'
246.87, 247.04, 'got'
247.04, 247.09, ''
247.09, 247.51, 'fifteen'
247.51, 247.87, 'dollars'
247.87, 250.69, '<SIL>'
250.69, 251.23, 'and'
251.23, 251.55, '<SIL>'
251.55, 251.62, ''
251.62, 251.69, 'the'
251.69, 251.83, 'other'
251.83, 252.19, 'times'
252.19, 252.26, 'i'
252.26, 252.48, 'get'
252.48, 252.66, 'them'
252.66, 252.74, 'i'
252.74, 253.11, 'either'
253.11, 253.56, 'win'
253.56, 254.22, '<SIL>'
254.22, 254.33, 'my'
254.33, 254.55, 'three'
254.55, 254.87, 'dollars'
254.87, 255.22, 'back'
255.22, 255.94, '<SIL>'
255.94, 256.34, 'or'
256.34, 256.49, ''
256.49, 256.69, '<SIL>'
256.69, 256.74, 'i'
256.74, 256.98, 'won'
256.98, 257.25, 'nine'
257.25, 257.58, 'dollars'
257.58, 265.09, '<SIL>'
265.09, 265.6, 'hm'
265.6, 266.92, '<IVER>'
266.92, 267.655, '<SIL>'
267.655, 268.04, 'yeah'
268.04, 268.45, '<SIL>'
268.45, 269.55, '<IVER>'
269.55, 272.32, '<LAUGH>'
272.32, 272.63, ''
272.63, 273.07, '<IVER>'
273.07, 273.41, 'yeah'
273.41, 274.42, '<SIL>'
274.42, 274.58, 'that'
274.58, 274.72, 'could'
274.72, 274.98, 'really'
274.98, 275.25, 'bite'
275.25, 275.37, 'you'
275.37, 275.48, 'in'
275.48, 275.54, 'the'
275.54, 275.82, 'back'
275.82, 275.92, ''
275.92, 276.07, 'though'
276.07, 277.015, '<SIL>'
277.015, 277.28, 'winning'
277.28, 277.42, 'all'
277.42, 277.53, 'that'
277.53, 277.88, 'money'
277.88, 278.425, '<SIL>'
278.425, 278.58, "i'd"
278.58, 278.71, 'be'
278.71, 279.79, '<SIL>'
279.79, 279.89, 'well'
279.89, 280.03, "i'd"
280.03, 280.18, 'be'
280.18, 280.38, '<SIL>'
280.38, 280.69, 'quite'
280.69, 281.16, 'content'
281.16, 281.33, 'with'
281.33, 281.45, ''
281.45, 281.65, 'one'
281.65, 281.99, 'million'
281.99, 282.29, 'dollars'
282.29, 282.47, 'but'
282.47, 282.83, '<SIL>'
282.83, 283.09, 'ten'
283.09, 283.39, 'million'
283.39, 283.82, 'dollars'
283.82, 284.01, 'is'
284.01, 284.3, 'kind'
284.3, 284.42, 'of'
284.42, 284.62, 'like'
284.62, 285.02, 'over'
285.02, 285.38, 'kill'
285.38, 285.64, ''
285.64, 285.88, '<SIL>'
285.88, 286.16, ''
286.16, 286.34, '<LAUGH>'
286.34, 286.65, ''
286.65, 286.695, 'i'
286.695, 286.91, 'mean'
286.91, 287.0, 'do'
287.0, 287.1, 'you'
287.1, 287.42, 'think'
287.42, 287.9, 'anybody'
287.9, 287.98, 'in'
287.98, 288.14, 'this'
288.14, 288.47, 'town'
288.47, 288.72, 'has'
288.72, 288.94, 'ten'
288.94, 289.34, 'million'
289.34, 289.72, 'dollars'
289.72, 289.82, '<VOCNOISE>'
289.82, 290.26, '<SIL>'
290.26, 290.32, ''
290.32, 290.56, 'well'
290.56, 290.8, '<SIL>'
290.8, 290.97, '<SIL>'
290.97, 291.21, 'maybe'
291.21, 291.24, 'a'
291.24, 291.6, 'couple'
291.6, 291.65, '<SIL>'
291.65, 292.51, 'people'
292.51, 293.61, '<LAUGH-couple_of_people_yes>'
293.61, 293.72, ''
293.72, 294.33, '<VOCNOISE>'
294.33, 294.5, ''
294.5, 294.775, '<IVER>'
294.775, 296.72, '<SIL>'
296.72, 296.97, 'yeah'
296.97, 297.47, '<SIL>'
297.47, 297.73, 'probably'
297.73, 297.93, 'hafta'
297.93, 298.08, 'go'
298.08, 298.16, 'to'
298.16, 298.72, 'dublin'
298.72, 298.9, 'or'
298.9, 299.57, '<SIL>'
299.57, 299.89, 'yknow'
299.89, 300.1, '<SIL>'
300.1, 300.73, 'worthington'
300.73, 301.15, 'somewhere'
301.15, 301.39, 'around'
301.39, 301.48, 'there'
301.48, 301.55, 'to'
301.55, 301.61, ''
301.61, 302.06, 'find'
302.06, 302.46, '<SIL>'
302.46, 302.72, 'couple'
302.72, 303.37, 'millionaires'
303.37, 307.39, '<SIL>'
307.39, 307.61, 'but'
307.61, 307.78, 'uh'
307.78, 308.62, '<SIL>'
308.62, 309.32, '<IVER>'
309.32, 310.6, '<SIL>'
310.6, 310.71, ''
310.71, 311.24, 'mm'
311.24, 311.46, '<SIL>'
311.46, 311.54, '<VOCNOISE>'
311.54, 311.76, 'yeah'
311.76, 312.16, '<SIL>'
312.16, 312.34, 'give'
312.34, 312.7, 'some'
312.7, 312.77, ''
312.77, 313.32, 'charity'
313.32, 313.6, 'and'
313.6, 313.91, '<SIL>'
313.91, 314.11, 'keep'
314.11, 314.3, 'care'
314.3, 314.36, 'of'
314.36, 314.48, 'your'
314.48, 315.0, 'bills'
315.0, 315.2, 'and'
315.2, 315.96, '<SIL>'
315.96, 316.01, ''
316.01, 316.29, 'probably'
316.29, 316.36, 'go'
316.36, 316.44, 'on'
316.44, 316.55, 'that'
316.55, 317.08, 'vacation'
317.08, 317.16, 'you'
317.16, 317.34, 'been'
317.34, 317.66, 'dying'
317.66, 318.03, 'for'
318.03, 318.25, ''
318.25, 318.685, '<SIL>'
318.685, 318.84, 'like'
318.84, 318.97, "you're"
318.97, 319.29, 'making'
319.29, 319.49, 'my'
319.49, 320.17, 'brain'
320.17, 320.53, 'water'
320.53, 320.85, 'here'
320.85, 321.19, 'over'
321.19, 321.29, '<SIL>'
321.29, 322.0, 'australia'
322.0, 322.415, '<SIL>'
322.415, 325.05, '<LAUGH>'
325.05, 326.53, '<IVER>'
326.53, 326.84, 'well'
326.84, 327.11, 'yeah'
327.11, 327.53, '<SIL>'
327.53, 328.13, '<VOCNOISE>'
328.13, 328.22, '<SIL>'
328.22, 328.33, "it's"
328.33, 328.5, 'kind'
328.5, 328.56, 'of'
328.56, 328.75, 'like'
328.75, 329.01, 'making'
329.01, 329.08, 'your'
329.08, 329.38, 'mouth'
329.38, 329.43, ''
329.43, 329.64, 'water'
329.64, 329.81, 'when'
329.81, 329.89, 'you'
329.89, 330.16, 'see'
330.16, 330.24, ''
330.24, 330.62, 'food'
330.62, 330.77, '<SIL>'
330.77, 332.57, '<SIL>'
332.57, 334.7, '<LAUGH>'
334.7, 334.93, '<IVER>'
334.93, 336.92, '<SIL>'
336.92, 337.03, 'and'
337.03, 337.165, 'this'
337.165, 337.31, 'is'
337.31, 337.47, 'my'
337.47, 338.05, 'consent'
338.05, 338.16, '<SIL>'
338.16, 338.29, 'to'
338.29, 338.54, 'let'
338.54, 338.61, 'you'
338.61, 339.04, 'use'
339.04, 339.18, ''
339.18, 340.18, 'that'
340.18, 340.37, ''
340.37, 340.86, '<SIL>'
340.86, 341.37, ''
341.37, 342.51, '<LAUGH>'
342.51, 343.325, '<SIL>'
343.325, 343.71, 'yeah'
343.71, 343.81, ''
343.81, 345.67, '<VOCNOISE>'
345.67, 346.52, '<IVER>'
346.52, 347.12, ''
347.12, 347.49, '<SIL>'
347.49, 347.99, ''
347.99, 349.17, '<IVER>'
349.17, 349.58, ''
349.58, 352.36, '<SIL>'
352.36, 352.59, 'um-hum'
352.59, 352.88, '<SIL>'
352.88, 354.53, '<IVER>'
354.53, 356.26, '<SIL>'
356.26, 356.42, ''
356.42, 358.14, '<IVER>'
358.14, 360.07, '<SIL>'
360.07, 360.32, 'i'
360.32, 360.62, 'went'
360.62, 360.85, 'to'
360.85, 361.19, '<VOCNOISE>'
361.19, 361.305, '<SIL>'
361.305, 361.35, 'a'
361.35, 361.62, 'lot'
361.62, 361.69, 'of'
361.69, 361.92, 'them'
361.92, 362.805, '<SIL>'
362.805, 362.85, 'i'
362.85, 363.03, 'went'
363.03, 363.34, '<SIL>'
363.34, 363.58, 'middle'
363.58, 363.93, 'school'
363.93, 363.98, 'i'
363.98, 364.22, 'went'
364.22, 364.47, 'to'
364.47, 365.98, '<SIL>'
365.98, 366.09, ''
366.09, 366.75, 'clinton'
366.75, 366.81, '<SIL>'
366.81, 367.06, 'and'
367.06, 367.77, 'indianola'
367.77, 368.0, '<SIL>'
368.0, 368.16, 'high'
368.16, 368.48, 'school'
368.48, 368.52, 'i'
368.52, 368.75, 'went'
368.75, 368.85, 'to'
368.85, 369.48, 'brookhaven'
369.48, 369.81, '<SIL>'
369.81, 369.95, 'and'
369.95, 370.01, ''
370.01, 370.24, 'fort'
370.24, 370.7, 'hayes'
370.7, 371.97, '<SIL>'
371.97, 372.38, 'and'
372.38, 373.94, '<SIL>'
373.94, 374.26, 'well'
374.26, 374.48, "they're"
374.48, 374.83, '<UNKNOWN>'
374.83, 375.29, '<IVER>'
375.29, 375.55, '<SIL>'
375.55, 375.81, 'yeah'
375.81, 376.22, "one's"
376.22, 376.28, 'a'
376.28, 376.31, '<SIL>'
376.31, 376.87, 'alternative'
376.87, 377.31, 'school'
377.31, 377.52, 'and'
377.52, 377.58, 'the'
377.58, 377.71, 'other'
377.71, 377.95, "one's"
377.95, 378.34, 'just'
378.34, 378.37, 'a'
378.37, 378.685, '<SIL>'
378.685, 379.03, 'regular'
379.03, 379.47, 'trashy'
379.47, 379.84, 'public'
379.84, 380.15, 'school'
380.15, 381.3, '<LAUGH>'
381.3, 381.44, ''
381.44, 383.49, '<IVER>'
383.49, 386.57, '<SIL>'
386.57, 387.0, 'well'
387.0, 387.365, '<SIL>'
387.365, 387.58, 'this'
387.58, 387.8, 'is'
387.8, 388.25, 'about'
388.25, 388.54, 'giving'
388.54, 389.17, 'opinions'
389.17, 389.46, 'and'
389.46, 389.555, '<SIL>'
389.555, 389.66, 'my'
389.66, 390.115, 'opinion'
390.115, 390.33, 'about'
390.33, 390.39, 'the'
390.39, 390.68, 'columbus'
390.68, 390.99, 'public'
390.99, 391.3, 'school'
391.3, 391.83, 'system'
391.83, 392.3, 'really'
392.3, 392.73, '<SIL>'
392.73, 393.01, "isn't"
393.01, 393.36, 'good'
393.36, 393.93, '<SIL>'
393.93, 394.01, ''
394.01, 395.1, '<IVER>'
395.1, 395.28, '<SIL>'
395.28, 395.47, 'well'
395.47, 395.82, 'because'
395.82, 395.93, "i've"
395.93, 396.14, 'been'
396.14, 396.26, 'in'
396.26, 396.59, 'public'
396.59, 396.99, 'schools'
396.99, 397.13, 'all'
397.13, 397.25, 'my'
397.25, 397.68, 'life'
397.68, 397.77, 'and'
397.77, 397.86, 'i'
397.86, 398.1, 'should'
398.1, 398.41, 'be'
398.41, 398.69, '<SIL>'
398.69, 398.74, ''
398.74, 399.04, 'first'
399.04, 399.13, 'to'
399.13, 399.4, 'know'
399.4, 399.63, 'that'
399.63, 399.95, "there's"
399.95, 400.09, 'uh'
400.09, 400.26, '<VOCNOISE>'
400.26, 401.58, '<SIL>'
401.58, 401.79, 'lot'
401.79, 402.0, 'of'
402.0, 402.11, '<UNKNOWN>'
402.11, 402.7, '<SIL>'
402.7, 402.79, ''
402.79, 403.69, 'favoritism'
403.69, 404.72, '<SIL>'
404.72, 405.06, 'yknow'
405.06, 406.29, '<SIL>'
406.29, 406.62, 'some'
406.62, 406.81, '<SIL>'
406.81, 407.07, 'some'
407.07, 407.515, 'teachers'
407.515, 407.71, 'will'
407.71, 407.83, '<SIL>'
407.83, 408.21, 'teach'
408.21, 408.28, '<SIL>'
408.28, 408.64, 'one'
408.64, 408.8, 'but'
408.8, 409.2, 'not'
409.2, 409.47, 'teach'
409.47, 409.68, 'the'
409.68, 409.93, 'other'
409.93, 410.98, '<SIL>'
410.98, 411.15, '<IVER>'
411.15, 412.28, '<SIL>'
412.28, 412.55, 'well'
412.55, 412.62, 'if'
412.62, 413.45, '<IVER>'
413.45, 413.73, 'yeah'
413.73, 413.84, ''
413.84, 414.13, 'teach'
414.13, 414.21, ''
414.21, 414.45, 'one'
414.45, 415.1, 'person'
415.1, 415.29, '<SIL>'
415.29, 415.56, 'one'
415.56, 415.89, 'thing'
415.89, 416.22, '<SIL>'
416.22, 416.63, 'and'
416.63, 416.745, '<SIL>'
416.745, 417.01, 'not'
417.01, 417.27, 'teach'
417.27, 417.41, 'the'
417.41, 417.53, 'other'
417.53, 417.95, 'person'
417.95, 418.07, 'that'
418.07, 419.47, '<SIL>'
419.47, 419.8, 'kind'
419.8, 419.86, 'of'
419.86, 419.98, '<VOCNOISE>'
419.98, 421.74, '<SIL>'
421.74, 421.83, 'let'
421.83, 422.0, 'me'
422.0, 422.37, 'see'
422.37, 422.66, 'here'
422.66, 424.05, '<SIL>'
424.05, 424.15, ''
424.15, 424.39, 'give'
424.39, 424.52, 'an'
424.52, 425.09, 'example'
425.09, 425.37, "there's"
425.37, 425.58, 'uh'
425.58, 426.59, '<VOCNOISE>'
426.59, 426.69, '<SIL>'
426.69, 426.84, "there's"
426.84, 426.89, 'a'
426.89, 427.37, 'school'
427.37, 427.53, 'that'
427.53, 427.64, 'they'
427.64, 427.95, 'showed'
427.95, 428.14, 'on'
428.14, 428.42, 'twenty'
428.42, 428.86, 'twenty'
428.86, 428.96, '<SIL>'
428.96, 429.23, '<VOCNOISE>'
429.23, 429.85, '<SIL>'
429.85, 430.22, 'somewhere'
430.22, 430.4, 'out'
430.4, 430.91, 'west'
430.91, 431.34, '<SIL>'
431.34, 431.48, ''
431.48, 431.53, 'i'
431.53, 431.91, 'believe'
431.91, 432.14, "it's"
432.14, 432.52, 'nevada'
432.52, 432.725, 'or'
432.725, 433.16, 'somewhere'
433.16, 433.27, ''
433.27, 433.33, '<VOCNOISE>'
433.33, 434.26, '<SIL>'
434.26, 434.33, 'and'
434.33, 434.45, 'they'
434.45, 434.89, 'said'
434.89, 435.14, 'that'
435.14, 435.98, '<SIL>'
435.98, 436.28, 'these'
436.28, 436.54, 'uh'
436.54, 437.56, '<SIL>'
437.56, 438.07, 'teachers'
438.07, 438.41, 'have'
438.41, 438.59, ''
438.59, 438.66, 'the'
438.66, 439.17, 'highest'
439.17, 439.63, 'rating'
439.63, 440.16, '<SIL>'
440.16, 440.49, 'among'
440.49, 441.075, '<SIL>'
441.075, 441.42, 'many'
441.42, 441.55, 'other'
441.55, 442.27, 'teachers'
442.27, 442.35, '<SIL>'
442.35, 442.44, 'in'
442.44, 442.5, 'the'
442.5, 442.95, 'nation'
442.95, 443.36, 'because'
443.36, 443.45, 'of'
443.45, 443.71, 'their'
443.71, 443.805, '<SIL>'
443.805, 444.32, 'actual'
444.32, 444.95, '<SIL>'
444.95, 445.3, 'sitting'
445.3, 445.6, 'down'
445.6, 445.78, 'and'
445.78, 446.2, 'hands'
446.2, 446.64, 'on'
446.64, 446.95, '<SIL>'
446.95, 447.56, 'critiquing'
447.56, 447.81, 'these'
447.81, 448.21, 'children'
448.21, 449.1, '<VOCNOISE>'
449.1, 449.33, '<SIL>'
449.33, 449.38, ''
449.38, 449.59, 'like'
449.59, 449.72, ''
449.72, 449.97, 'uh'
449.97, 450.05, ''
450.05, 450.45, '<VOCNOISE>'
450.45, 452.005, '<SIL>'
452.005, 452.24, 'ex'
452.24, 452.82, 'girlfriend'
452.82, 452.88, 'of'
452.88, 453.14, 'mine'
453.14, 454.29, '<SIL>'
454.29, 454.62, 'she'
454.62, 455.11, 'was'
455.11, 455.5, '<SIL>'
455.5, 455.81, 'pretty'
455.81, 456.4, 'much'
456.4, 457.07, '<SIL>'
457.07, 457.14, 'i'
457.14, 457.41, "wouldn't"
457.41, 457.6, '<SIL>'
457.6, 457.77, 'put'
457.77, 457.86, 'her'
457.86, 458.46, 'borderline'
458.46, 459.1, 'illiterate'
459.1, 459.28, '<SIL>'
459.28, 459.5, 'but'
459.5, 459.77, '<SIL>'
459.77, 460.09, 'she'
460.09, 460.46, "didn't"
460.46, 460.55, 'know'
460.55, 460.71, 'how'
460.71, 461.175, 'to'
461.175, 461.27, 'read'
461.27, 461.36, 'or'
461.36, 461.762063, 'write'
